"SNP","beta","se","pval"
"rs1",-0.0560475646552213,0.0163869592081755,0.000625626648213767
"rs2",-0.023017748948328,0.0157806340511888,0.144673207140124
"rs3",0.155870831414912,0.0159672156814486,1.64004982851228e-22
"rs4",0.0070508391424576,0.0305773703940213,0.817633253182505
"rs5",0.0129287735160946,0.0297130922507495,0.663475013948749
"rs6",0.171506498688328,0.0346537107415497,7.45373343332166e-07
"rs7",0.0460916205989202,0.0278969156276435,0.0984913276153705
"rs8",-0.126506123460653,0.0122270686086267,4.34525468507291e-25
"rs9",-0.0686852851893526,0.0102158523816615,1.77529561304969e-11
"rs10",-0.0445661970099958,0.0188733680453151,0.0182096569347937
"rs11",0.122408179743946,0.0440385289583355,0.00544308987176262
"rs12",0.0359813827057364,0.0206938482448459,0.0820791375213314
"rs13",0.0400771450594052,0.0339440109301358,0.237728344820721
"rs14",0.011068271594512,0.0343439878895879,0.74724298344962
"rs15",-0.0555841134754075,0.0496863376162946,0.263268080064041
"rs16",0.178691313680308,0.017647598432377,4.25659827372777e-24
"rs17",0.0497850478229239,0.0401356233842671,0.214819922735499
"rs18",-0.196661715662964,0.0196954934857786,1.77100301091189e-23
"rs19",0.0701355901563686,0.0230980888009071,0.00239402488228155
"rs20",-0.0472791407727934,0.0101414197869599,3.13174944644181e-06
"rs21",-0.106782370598685,0.0498969657439739,0.0323501285323278
"rs22",-0.0217974914658295,0.027522380175069,0.428365625954366
"rs23",-0.102600444830724,0.049907549796626,0.0398008243246065
"rs24",-0.072889122929114,0.0178687667660415,4.5203462522934e-05
"rs25",-0.0625039267849257,0.014459071829915,1.54049253246944e-05
"rs26",-0.168669331074241,0.0200294580217451,3.73083056723084e-17
"rs27",0.0837787044494525,0.0372190641239286,0.0243879350288311
"rs28",0.0153373117836515,0.0330901718698442,0.643005644044047
"rs29",-0.113813693701195,0.0266538918484002,1.95421168449295e-05
"rs30",0.125381492106993,0.0391672497428954,0.00136865087264623
"rs31",0.0426464221476814,0.0329675893206149,0.195808354439631
"rs32",-0.0295071482992271,0.033105405960232,0.372763389009111
"rs33",0.0895125661045022,0.0335999650973827,0.00772021306498419
"rs34",0.0878133487533042,0.018917133603245,3.45051574889112e-06
"rs35",0.0821581081637487,0.0141396919451654,6.23015833811127e-09
"rs36",0.0688640254100091,0.0394602410774678,0.0809588251318444
"rs37",0.0553917653537589,0.0344961502496153,0.10833157716957
"rs38",-0.00619117105767217,0.0480484944209457,0.897474322728012
"rs39",-0.0305962663739917,0.0483950346242636,0.5272437028776
"rs40",-0.0380471001012383,0.0397934420034289,0.339014222321315
"rs41",-0.0694706978920513,0.0273932058271021,0.0112108876324715
"rs42",-0.0207917278019599,0.016991005493328,0.221069098176437
"rs43",-0.126539635156826,0.0274115227535367,3.9065430227424e-06
"rs44",0.216895596533851,0.0404983275104314,8.52409039251625e-08
"rs45",0.120796199830499,0.0467611724417657,0.00978719384750299
"rs46",-0.112310858320335,0.046267903316766,0.0152073428732382
"rs47",-0.0402884835299076,0.0426205131597817,0.344513972111586
"rs48",-0.0466655353623219,0.0179901177063584,0.0094879217408943
"rs49",0.0779965118336318,0.0119850234128535,7.62434128021409e-11
"rs50",-0.00833690664718293,0.0291579410247505,0.774937604966711
"rs51",0.0253318513994755,0.0336157347541302,0.451106710606388
"rs52",-0.0028546755348703,0.0138648094329983,0.836874024391665
"rs53",-0.00428704572913161,0.0480356093961746,0.928885420252043
"rs54",0.136860228401446,0.0165097255446017,1.13560099786124e-16
"rs55",-0.0225770985659268,0.0468602505046874,0.629950608692365
"rs56",0.151647060442954,0.0151110029127449,1.06376717587695e-23
"rs57",-0.154875280423022,0.0365095836203545,2.21492704399135e-05
"rs58",0.0584613749636069,0.0413616770971566,0.15753260006694
"rs59",0.0123854243844614,0.0405845264717937,0.760232092779395
"rs60",0.0215941568743973,0.0369028124213219,0.558438185693057
"rs61",0.0379639482759882,0.014626636095345,0.0094443739196205
"rs62",-0.0502323453109302,0.0440520595014095,0.254163400135269
"rs63",-0.033320738366942,0.034718463793397,0.337185507400823
"rs64",-0.101857538310709,0.0434564622398466,0.019083361969686
"rs65",-0.107179122647558,0.0167971289902926,1.76165119084897e-10
"rs66",0.0303528641404258,0.0104112488031387,0.0035524283631942
"rs67",0.0448209778629426,0.0229387892503291,0.0507085196209336
"rs68",0.00530042267305041,0.0207873089797795,0.798735773584268
"rs69",0.0922267467879738,0.043010454243049,0.0320099184830221
"rs70",0.205008468562714,0.0473464694805443,1.49134289692889e-05
"rs71",-0.0491031166056535,0.0151116593461484,0.00115667817301651
"rs72",-0.230916887564081,0.0465335042495281,6.96349222685236e-07
"rs73",0.100573852446226,0.0342093579098582,0.00328263645311172
"rs74",-0.0709200762582393,0.0260114066582173,0.0064010131539137
"rs75",-0.0688008616467358,0.0366318121366203,0.0603575728552082
"rs76",0.10255713696967,0.0407039710879326,0.0117493088322242
"rs77",-0.0284773007051009,0.0308758280053735,0.356363255136909
"rs78",-0.122071771225454,0.0257803006842732,2.18969335787261e-06
"rs79",0.018130347974915,0.0486314733419567,0.709289118890929
"rs80",-0.0138891362439045,0.0119594216253608,0.245497488332862
"rs81",0.000576418589988693,0.0161323308665305,0.971497134833691
"rs82",0.0385280401126331,0.0378735626209527,0.309019967718097
"rs83",-0.0370660031792409,0.0391114349290729,0.34328094717049
"rs84",0.0644376548518833,0.0143351766187698,6.95463238933554e-06
"rs85",-0.0220486561818751,0.0285827418230474,0.4404713441137
"rs86",0.0331781963915697,0.0356850214488804,0.352499847569486
"rs87",0.109683901314935,0.025884437514469,2.26076959934956e-05
"rs88",0.0435181490833803,0.0496172102820128,0.380444431694593
"rs89",-0.0325931585531227,0.0371483523957431,0.380281191560786
"rs90",0.114880761845109,0.0226127383019775,3.76728111374962e-07
"rs91",0.099350385596212,0.0161507704015821,7.67858566689586e-10
"rs92",0.054839695950807,0.022050069430843,0.0128806132241049
"rs93",0.0238731735111441,0.0137806212250143,0.0832072059270439
"rs94",-0.0627906076039371,0.0110750202741474,1.43155982901587e-08
"rs95",0.136065244853001,0.0224193321727216,1.28626324787813e-09
"rs96",-0.0600259587147127,0.0396975547447801,0.130512998617062
"rs97",0.218733299301658,0.0484036884922534,6.21503955254889e-06
"rs98",0.153261062618519,0.0266321065090597,8.6771116650244e-09
"rs99",-0.0235700359100477,0.0308894162904471,0.44543614879582
"rs100",-0.102642090030678,0.0127007891517133,6.39475639641735e-16
"rs101",-0.0710406563699301,0.0351936722174287,0.0435326250753547
"rs102",0.025688370915653,0.0241365514881909,0.287195835670719
"rs103",-0.0246691878462374,0.0269885860849172,0.360685302684016
"rs104",-0.0347542599397733,0.0485507516283542,0.474094094729147
"rs105",-0.0951618567265016,0.0372399394772947,0.0106074709273702
"rs106",-0.00450277248089203,0.0387385553773493,0.907466370422032
"rs107",-0.0784904469457076,0.0168251906149089,3.08533848739021e-06
"rs108",-0.166794193658814,0.0181443635653704,3.83396387741737e-20
"rs109",-0.0380226520287762,0.0450619884766638,0.398789285138037
"rs110",0.0918996609060766,0.043500901022926,0.034635693382265
"rs111",-0.0575346962608392,0.0388250816985965,0.138368223219975
"rs112",0.0607964322225033,0.0212425348442048,0.00420958305496844
"rs113",-0.161788270828916,0.0183996358700097,1.45599262572273e-18
"rs114",-0.00555619655245394,0.0297660127840936,0.851925307570291
"rs115",0.0519407203943462,0.0308701123297214,0.0924609018496402
"rs116",0.0301153362166714,0.0187932724691927,0.109055468492776
"rs117",0.0105676194148943,0.0405242680944502,0.794267862990766
"rs118",-0.0640706008305376,0.0109807861223817,5.38577753367895e-09
"rs119",-0.0849704346033582,0.0384594378061593,0.027150169151392
"rs120",-0.102412879060491,0.0436355039663613,0.018924845918549
"rs121",0.0117646597100126,0.0472328428830951,0.803300484873252
"rs122",-0.0947474614184802,0.0364836658909917,0.00940465686274302
"rs123",-0.0490557443700668,0.0207976887747645,0.0183385143107063
"rs124",-0.0256092192198247,0.0187293384131044,0.17152134164678
"rs125",0.184386200523221,0.0447127268463373,3.72677676436651e-05
"rs126",-0.0651949901695459,0.0109828620683402,2.91942953293915e-09
"rs127",0.0235386572284857,0.0440010689757764,0.59267994738662
"rs128",0.00779608495637108,0.0309573230799288,0.801169913812383
"rs129",-0.0961856634130129,0.027418508073315,0.000451393918174752
"rs130",-0.00713080861235987,0.0472517898585647,0.880046027414812
"rs131",0.144455085842335,0.0165820158366114,2.99743410453136e-18
"rs132",0.0451504053079215,0.0251515356823802,0.0726321726498088
"rs133",0.00412329219929399,0.0155217974819243,0.790512411614561
"rs134",-0.0422496832339625,0.0159888430871069,0.00823091519452758
"rs135",-0.205324722154052,0.0370578898955137,3.01354488819459e-08
"rs136",0.113133721341418,0.0324846462346613,0.000496416024527996
"rs137",-0.146064007092482,0.028865937711671,4.19076573061439e-07
"rs138",0.0739947510877334,0.0424440067447722,0.0812725296555199
"rs139",0.190910356921748,0.0484955412894487,8.26242534681232e-05
"rs140",-0.14438931609718,0.0306163953617215,2.40434002865204e-06
"rs141",0.0701784335374711,0.0381489107850939,0.0658281503354433
"rs142",-0.0262197489402468,0.0172351804003119,0.128186476833955
"rs143",-0.157214415914549,0.0241986778844148,8.20363835193402e-11
"rs144",-0.151466765378175,0.0119961115717888,1.51181324363564e-36
"rs145",-0.160153617357459,0.0161021481081843,2.62253477055076e-23
"rs146",-0.0530906522170303,0.0139708687458187,0.000144639635691173
"rs147",-0.14617555849959,0.0212059230450541,5.45711824735484e-12
"rs148",0.0687916772975828,0.0254980080854148,0.00697734555436657
"rs149",0.210010894052567,0.0353663514554501,2.88246601996686e-09
"rs150",-0.128703047603518,0.0382825443521142,0.000774011092424405
"rs151",0.0787738847475178,0.0230407327506691,0.000628755956419259
"rs152",0.076904224100091,0.0486073326040059,0.113614707909031
"rs153",0.0332202578950118,0.0378581778984517,0.380219323758846
"rs154",-0.100837660827701,0.0164431277662516,8.65027611779336e-10
"rs155",-0.0119452606630659,0.0247624896652997,0.629526535111874
"rs156",-0.0280395335170247,0.0220887103676796,0.204296425723368
"rs157",0.056298953322048,0.0283186306990683,0.0468057716142569
"rs158",-0.0372438756103829,0.0429313098546118,0.3856558101261
"rs159",0.0976973386685621,0.0193015740346164,4.15697036242396e-07
"rs160",-0.0374580857767014,0.0260928890109062,0.151125641014887
"rs161",0.105271146557933,0.0488645121175796,0.0312129191428163
"rs162",-0.104917700666607,0.0149768298398703,2.46396686710355e-12
"rs163",-0.126015524475811,0.03521160306409,0.000345166507093226
"rs164",0.32410399349424,0.0381546802353114,1.98828860615999e-17
"rs165",-0.0416857588160432,0.0336480113677681,0.21539092664058
"rs166",0.0298227591540715,0.0498606508504599,0.549758438836305
"rs167",0.0636569674033849,0.0118134440574795,7.10406655498225e-08
"rs168",-0.0483780625708744,0.0496029015164822,0.329407944255106
"rs169",0.0516862044313609,0.0398122523725033,0.194201892217084
"rs170",0.0368964527385086,0.0274699839111418,0.179221712814043
"rs171",-0.0215380507641693,0.0161202619504184,0.181521277809325
"rs172",0.00652930335253153,0.0279546070192009,0.815320325704177
"rs173",-0.0034067253738464,0.0174529885035008,0.845240773898926
"rs174",0.212845189901618,0.0270619433000684,3.68770096369204e-15
"rs175",-0.0741336096272828,0.0428311946615577,0.0834817022435411
"rs176",-0.109599626707466,0.0120151565689594,7.38997529219837e-20
"rs177",0.00377883991710788,0.0230152860656381,0.869582937905611
"rs178",0.0310480749443137,0.0436964771803468,0.477369618306884
"rs179",0.0436523478910183,0.0116079917177558,0.000169545166165696
"rs180",-0.0458365332711106,0.0416749184485525,0.271393569950924
"rs181",-0.106332613397119,0.0484651375003159,0.0282352586645657
"rs182",0.126318517608949,0.0364368194993585,0.00052672848314028
"rs183",-0.0349650387953555,0.0103486967645586,0.000728320714588794
"rs184",-0.0865512862653374,0.0286315689701587,0.0025033848251614
"rs185",-0.0236279568941097,0.0386645539477468,0.541132558412673
"rs186",-0.0197175894348552,0.0111272843927145,0.0763939382613729
"rs187",0.110992028971364,0.04381930234842,0.0113107622273986
"rs188",0.00847372921971965,0.0398566163610667,0.83163481090294
"rs189",0.0754053785184522,0.0205612305738032,0.000245070261768509
"rs190",-0.0499292017172261,0.0398365470487624,0.210077761519104
"rs191",0.0214445309581601,0.0368632988538593,0.560747754657094
"rs192",-0.0324685911490835,0.0168821093346924,0.0544481076494295
"rs193",0.00945835281735714,0.0367886587325484,0.797101815556125
"rs194",-0.0895363357977542,0.0472141612600535,0.0579088499652957
"rs195",-0.131080153332797,0.044038990335539,0.00291600138310251
"rs196",0.199721338474797,0.0412429294083267,1.28177253330189e-06
"rs197",0.0600708823672418,0.0374336932506412,0.108553755556202
"rs198",-0.125127136162494,0.0336547644808888,0.000200836454176122
"rs199",-0.0611165916680421,0.0261309286765754,0.0193426647495947
"rs200",-0.118548008459731,0.0151339245028794,4.75369076439537e-15
"rs201",0.219881034888372,0.0428065785765648,2.79726985682061e-07
"rs202",0.131241297643351,0.0386688188929111,0.000688840746012377
"rs203",-0.0265145056696353,0.0415329940989614,0.523215802979391
"rs204",0.054319405923209,0.0107326400466263,4.16754583582063e-07
"rs205",-0.041433994791886,0.0169796056393534,0.0146782683371106
"rs206",-0.0476246894615578,0.0339459587354213,0.160629933922978
"rs207",-0.0788602837850243,0.0132255529146641,2.48071599806688e-09
"rs208",-0.0594617267459511,0.0382926376722753,0.120465187703221
"rs209",0.165090746733669,0.0325467509683222,3.92791059577183e-07
"rs210",-0.00540281250854405,0.0213123163674027,0.799876774402281
"rs211",0.0119245236427584,0.0256822706293315,0.642425979352989
"rs212",0.0243687429599092,0.036909126713872,0.509102240881013
"rs213",0.123247587848534,0.0164871866907924,7.69952038300035e-14
"rs214",-0.051606383094478,0.0143400761391968,0.000319747459583699
"rs215",-0.0992507150392037,0.0313377691991627,0.00153952728806336
"rs216",0.167569693240319,0.0141279640141875,1.89041150270383e-32
"rs217",-0.0441163216905286,0.0137367234099656,0.00132016056620571
"rs218",-0.0723065969939874,0.0355970056820661,0.0422291302203435
"rs219",-0.123627311888329,0.0325616974849254,0.000146629345479099
"rs220",-0.12847157223178,0.0222214607801288,7.40732103146821e-09
"rs221",-0.0573973479297987,0.0206403612531722,0.00542200235198824
"rs222",0.0617985817166529,0.0353000315837562,0.0800033781244444
"rs223",0.110984813892972,0.0432303133420646,0.0102496422853794
"rs224",0.0707588353835588,0.0120542246103287,4.35678072478847e-09
"rs225",-0.0363657297095253,0.049693401446566,0.46428943868508
"rs226",0.00597499373846007,0.0108834877144545,0.583008036165614
"rs227",-0.070459646368007,0.0171935555618256,4.16687580771553e-05
"rs228",-0.071721816157401,0.0231476829946041,0.0019453925942007
"rs229",0.088465049897692,0.0441958286706358,0.0453212442754995
"rs230",-0.101559257860354,0.0173744125291705,5.05550489602402e-09
"rs231",0.195529396549246,0.0418142681010067,2.9232422716337e-06
"rs232",-0.00903195939658516,0.0443540855310857,0.838640234478736
"rs233",0.0214538826629216,0.0288807813543826,0.457576814021228
"rs234",-0.0738527704739573,0.0359281135722995,0.0398239334667189
"rs235",-0.057438868976327,0.0230016673821956,0.0125192067756421
"rs236",-0.131701613230524,0.0286454983241856,4.27308910660292e-06
"rs237",-0.0182925388372727,0.0476962913479656,0.70133335527386
"rs238",0.0418982404924464,0.0198185719456524,0.0345075995372727
"rs239",0.032430434416138,0.0108982823695987,0.00292284327992884
"rs240",-0.0781536487054751,0.0486828732211143,0.10841409882969
"rs241",-0.0788621970854002,0.0204019542783499,0.000110896525643085
"rs242",-0.0502198718342861,0.0361642886605114,0.164936409087082
"rs243",0.149606066984635,0.0130152495019138,1.40307614620158e-30
"rs244",-0.113730362066574,0.0487698439601809,0.0197016771483929
"rs245",-0.0179051594380198,0.0467415729537606,0.701670002732077
"rs246",0.190236182167893,0.0447261014487594,2.10587219793693e-05
"rs247",-0.0100974885328808,0.0269751589931548,0.708162199670398
"rs248",-0.135984070382139,0.0412412790395319,0.000976259053075802
"rs249",-0.0664769435274062,0.0219962357077748,0.00250947703247857
"rs250",0.0485459978904878,0.0215781115368009,0.0244629315285492
"rs251",-0.0375602871669773,0.0499709533248097,0.452266139393446
"rs252",-0.0561876363549783,0.0494814883172512,0.256153980200427
"rs253",-0.0343917234128459,0.0292018536478281,0.238906662163183
"rs254",0.00904966471392212,0.0404910026490688,0.823147812613767
"rs255",0.159850877114583,0.02314447700046,4.96220865741532e-12
"rs256",-0.0088565112138884,0.0194495538901538,0.648851659525799
"rs257",0.108079949615152,0.0347144012153149,0.00184942773667832
"rs258",0.0630754115650567,0.023617970617488,0.00757037903773476
"rs259",-0.0113639895506141,0.012335641104728,0.356929220541042
"rs260",-0.15329020028906,0.0492778328899294,0.00186623350750394
"rs261",-0.052111731755252,0.0375216048676521,0.164879576499469
"rs262",-0.0489870453138474,0.0444872888363898,0.27083267765659
"rs263",0.00471544327615272,0.028467819346115,0.868439335542296
"rs264",0.130019867766682,0.0150410879403353,5.41301191732911e-18
"rs265",0.229307897383109,0.0372118178103119,7.17261369316644e-10
"rs266",0.154758105898377,0.0107979514077306,1.37742593427206e-46
"rs267",-0.0133150964328944,0.0165183455869555,0.420197126835567
"rs268",-0.175652739555764,0.0458326334040612,0.000126856917313729
"rs269",-0.0388779864071744,0.0161263097822666,0.0159157376268279
"rs270",0.00892072230732945,0.0203456637449563,0.661054193219286
"rs271",0.0845013004067436,0.0197609872091562,1.90137793223755e-05
"rs272",0.0962527968484271,0.0224745962955058,1.84607896732235e-05
"rs273",0.0684309429416465,0.0188498675823212,0.000283076359120968
"rs274",-0.139527434979947,0.0112218737136573,1.7188665558697e-35
"rs275",0.0849643045633355,0.046121464362368,0.0654479836556107
"rs276",-0.0446557216427222,0.048375898571685,0.35595585218842
"rs277",0.0174802700161256,0.0477139464579523,0.7140997691131
"rs278",0.00745511771737346,0.0281320015992969,0.791005702227817
"rs279",0.0428166764970506,0.0275066000968218,0.119566323436104
"rs280",0.00246749828261399,0.0120066459104419,0.837172873855975
"rs281",-0.166747509758566,0.0243928507342935,8.14819548876636e-12
"rs282",0.0736495964773442,0.0458657625876367,0.10832574413981
"rs283",0.0386026568349676,0.0248425266891718,0.120209667941852
"rs284",-0.0265651625278222,0.0301314004510641,0.377969458897624
"rs285",0.0118144511046681,0.0311039722431451,0.704066138213741
"rs286",0.0134038645368463,0.0168108026031405,0.425255695662305
"rs287",0.0221019468561002,0.0315439510717988,0.483508058996279
"rs288",0.164084616597749,0.0144197378028184,5.31040269871282e-30
"rs289",-0.0219050378933476,0.0345642013754696,0.526244455532132
"rs290",0.0168065383884658,0.0317990570794791,0.597136271189316
"rs291",0.116838387306909,0.0191051477007568,9.62276234898605e-10
"rs292",0.105418102337692,0.0460603461042047,0.0220970563758634
"rs293",0.114526311038036,0.0179410574678332,1.73112656805158e-10
"rs294",-0.0577468001059557,0.0268724847026169,0.0316408002991691
"rs295",0.200248273029283,0.0453744743205607,1.01836782105473e-05
"rs296",0.0066700870930183,0.0195280338637531,0.7326785038989
"rs297",0.186685184470686,0.0216652239300311,6.88433955665964e-18
"rs298",-0.135090268603071,0.0450558107811958,0.00271501531485474
"rs299",0.00209835863542375,0.0347628990001976,0.951867311001821
"rs300",0.124991457096922,0.044291950147599,0.00477266093293249
"rs301",-0.0715242187222796,0.0290913733001798,0.0139477678029983
"rs302",-0.0752688968217742,0.0457692383974791,0.100066722212708
"rs303",-0.0938538703606894,0.0167627742700279,2.15658776169796e-08
"rs304",-0.105251327933874,0.0348428055085242,0.00252151291051938
"rs305",-0.0437159533180399,0.0389104211889207,0.26122416302124
"rs306",0.0331179172958982,0.0176086465362459,0.0600024155619916
"rs307",-0.201421049792072,0.0327486200910062,7.72292153462303e-10
"rs308",0.0211980433372292,0.0368612531013787,0.565239506886924
"rs309",0.123667504641657,0.046768435947597,0.00818718103046543
"rs310",0.203757401824044,0.0230223879124969,8.72041404978596e-19
"rs311",0.130117599220059,0.0318700828123838,4.45057811641821e-05
"rs312",0.0756774763795962,0.0101996471453458,1.17459409682509e-13
"rs313",-0.172673039911433,0.0248046456556767,3.37102548675476e-12
"rs314",-0.0601506708006782,0.0355048569850624,0.0902361553503154
"rs315",-0.0352046456582617,0.0343842804059386,0.305902005801548
"rs316",0.0703523902756894,0.042731686765328,0.0996865312436498
"rs317",-0.0105671334003774,0.0147156718652695,0.472703614382389
"rs318",-0.125864862806017,0.0365343068446964,0.000570817969698963
"rs319",0.168443570809411,0.0180642902106047,1.11327991363578e-20
"rs320",0.0911391291795963,0.0334743816591799,0.0064760018069979
"rs321",0.0237430272491026,0.0378027991484851,0.529954217253253
"rs322",0.121810861032581,0.0311315259151161,9.12390550005863e-05
"rs323",-0.133877428723497,0.0247808604035527,6.57357572861449e-08
"rs324",0.06608202977898,0.0379388962220401,0.081543168322354
"rs325",-0.0522912376313422,0.0289481782913208,0.0708599344937655
"rs326",0.0683745521850713,0.0192323139216751,0.000377704396772662
"rs327",-0.00608219546600742,0.0281653878651559,0.829030044404429
"rs328",0.0632960713031451,0.0131676767673343,1.53267322456048e-06
"rs329",0.133551761505939,0.0203072229493409,4.81442214110714e-11
"rs330",0.00072900903168988,0.0321632200293243,0.981916759270711
"rs331",0.101755863695209,0.0108703917264938,7.91144850932837e-21
"rs332",-0.118843403514798,0.0184440825507045,1.16792773786499e-10
"rs333",-0.0721604440436015,0.0354557356890291,0.0418281127774275
"rs334",0.151921771138818,0.0386789508443326,8.5739462600646e-05
"rs335",0.0377387973023929,0.0410744962189347,0.358205921732655
"rs336",-0.205222282043373,0.0129283426143229,9.6191477357938e-57
"rs337",-0.136403745208238,0.0139499348588288,1.39821567879622e-22
"rs338",-0.0200781015589121,0.0478558224160224,0.67481130093526
"rs339",0.0865779404334488,0.0472353363130242,0.0668165226936855
"rs340",-0.0101883255715222,0.0468580616638064,0.827873632523942
"rs341",0.0624187472020653,0.0359975459333509,0.0829229996947788
"rs342",0.0959005377787825,0.0162540146429092,3.63250710596404e-09
"rs343",0.167105482886294,0.0464057467505336,0.000317037916082571
"rs344",0.00560167332749619,0.0468824755121022,0.904892462466854
"rs345",-0.0051981906180899,0.0167696245573461,0.756578777563548
"rs346",-0.175323735914227,0.0129346926230937,7.44832720933609e-42
"rs347",0.00993275940878275,0.0326491572428495,0.760954856971475
"rs348",-0.0571850057895563,0.0246162118762732,0.020175779669669
"rs349",-0.0974009582804091,0.028406664757058,0.000606241463126707
"rs350",-0.017990623104754,0.0285894764959812,0.529169486783583
"rs351",0.101494317274366,0.0411562843248248,0.0136604272122507
"rs352",-0.199274848868858,0.0429466550517827,3.48316173236471e-06
"rs353",-0.0427279287205429,0.021294202087447,0.0447973619345819
"rs354",0.0116637283582706,0.0391991325654089,0.766046125670863
"rs355",-0.0893207570054953,0.0298388674389571,0.00275854842253741
"rs356",0.0333902942499225,0.0126507320441306,0.00830538497081102
"rs357",0.0411429920615731,0.0115059132222086,0.000349141398736971
"rs358",-0.00330361592759917,0.019503402961418,0.865492530132589
"rs359",-0.246589819376003,0.0187358444090933,1.46361464986792e-39
"rs360",0.257145814586664,0.026895450996235,1.16691054441451e-21
"rs361",-0.02052992574682,0.0319900653231889,0.521029402057192
"rs362",0.065119328158767,0.0385495041869581,0.0911736267256604
"rs363",0.0273766491036548,0.0195997643470764,0.162478353111858
"rs364",0.102467323481835,0.0458272805251181,0.0253553101757934
"rs365",0.0817659446374088,0.0293049515224993,0.00526795507225349
"rs366",-0.0209793171228509,0.0205138800758868,0.306454968799443
"rs367",0.0378167772208507,0.0227967504132539,0.0971425934343618
"rs368",-0.0945408831123893,0.0365720789693296,0.00973630979050288
"rs369",0.0856923010899319,0.0391220544558018,0.0284964383789979
"rs370",-0.0461038338884354,0.032857438037172,0.160572842426687
"rs371",0.241677335378821,0.0451478030532599,8.64957138952422e-08
"rs372",-0.165104889568819,0.0263681311532855,3.81214256719683e-10
"rs373",-0.0463987242966015,0.0182158315833658,0.0108602144326279
"rs374",0.0825379862759242,0.0288328166864812,0.00420127061753563
"rs375",0.0510132546878664,0.0251763110142201,0.0427401709874886
"rs376",-0.0589481038515,0.0199025984946638,0.00305817054133949
"rs377",-0.0996780742207522,0.0470013010315597,0.0339427298522217
"rs378",0.0144475704710697,0.0286469882633537,0.614028643794002
"rs379",-0.00143074131669134,0.0105576673336327,0.892203280493157
"rs380",-0.179028123726406,0.0477289895247668,0.000176179516001501
"rs381",0.0034551067133851,0.0249818262178451,0.889999524693506
"rs382",0.0190230315692457,0.0103216614201665,0.0653260460459112
"rs383",0.0174726396981842,0.049220980135724,0.722601893093208
"rs384",-0.105501704260268,0.025101602235809,2.63415890063093e-05
"rs385",0.0476133278302629,0.0494347021915019,0.335469264525013
"rs386",0.137857013695924,0.0155846556276083,9.09654427489031e-19
"rs387",0.0456236403179813,0.0324887241236866,0.160232053515122
"rs388",-0.113558847037434,0.04177440777421,0.00656018186097823
"rs389",-0.0435645469691905,0.0177560547459871,0.0141472062903854
"rs390",0.0346103619553607,0.0384279401227832,0.367771151416036
"rs391",-0.0647045631318269,0.0326283208001405,0.047358519143932
"rs392",-0.215764633501528,0.0104046293254942,1.59410884819331e-95
"rs393",0.0884250820028209,0.0202780347131193,1.2968629723862e-05
"rs394",-0.0829477611624518,0.0288392593152821,0.00402482058741059
"rs395",-0.0573560270768283,0.0470745098870248,0.223068420800786
"rs396",0.150390060900454,0.0498116791527718,0.00253466016307642
"rs397",-0.0774144929605405,0.0183992920164019,2.58244197249111e-05
"rs398",0.0845731540189296,0.0318074763286859,0.00783943612275468
"rs399",-0.126068287881878,0.0358157148957252,0.000431684400606416
"rs400",-0.0354542403073978,0.0460443192254752,0.441298417533133
"rs401",-0.00735560191364783,0.039292869893834,0.851504290360693
"rs402",-0.116865142442436,0.0343884280789644,0.000677847794856271
"rs403",-0.0634748264908909,0.0189748853445053,0.000822226306174932
"rs404",-0.00288415529283144,0.0466468405351043,0.950698534577581
"rs405",0.067069596873393,0.0421104409918189,0.111225921909295
"rs406",-0.165054654342511,0.0224963445030153,2.18508974109463e-13
"rs407",-0.0349754239211268,0.0190900478512049,0.0669322533073849
"rs408",0.0756406438545484,0.0363038081582636,0.037201509437881
"rs409",-0.0538809159977593,0.0394292462524027,0.171775311355661
"rs410",0.0227291921672942,0.0286037701833993,0.426833272671863
"rs411",0.0492228570064431,0.0445442131720483,0.269144983854064
"rs412",0.0267835015331683,0.0370000233314931,0.469140659967869
"rs413",0.0653257679471382,0.0164587155543268,7.21541672178467e-05
"rs414",-0.012270866097738,0.0104836122691631,0.241807566164557
"rs415",-0.041367651359212,0.0446427210979164,0.354114406849029
"rs416",-0.264314895202898,0.0140285115130246,3.46586160005613e-79
"rs417",-0.0092941018479472,0.0224892897810787,0.679410336070116
"rs418",0.0430284696359987,0.0273798021208495,0.116057140170204
"rs419",0.053539884086815,0.0346302425675094,0.122093904509795
"rs420",-0.0555278351313252,0.0235689622722566,0.0184742680714695
"rs421",0.177950290977515,0.0331991241127253,8.31805322516787e-08
"rs422",0.0286424419628825,0.0431869921088219,0.507190182304947
"rs423",0.0126315858458886,0.0233847258239985,0.589083972347468
"rs424",0.127226677946852,0.0252807598467916,4.83999316874112e-07
"rs425",-0.0718466221319259,0.0342275973875076,0.0358094448608087
"rs426",-0.0450338623924712,0.0298294356837869,0.131116881832846
"rs427",0.239745248004976,0.01437071534805,1.74528000643265e-62
"rs428",0.0011129187220888,0.0438371319975704,0.979745817157889
"rs429",0.163356842140831,0.0278342614043504,4.3866309207081e-09
"rs430",-0.143850664491452,0.0400150361936539,0.000324497172595203
"rs431",-0.0190516802042901,0.0418215447850525,0.64871574648227
"rs432",0.0378423903636832,0.0256279542855918,0.139781289794249
"rs433",0.0300038545205798,0.0105939155537635,0.00462321049778953
"rs434",-0.100563625951084,0.039736593067646,0.0113816956508737
"rs435",0.00192592746253708,0.0127354071475565,0.87979726885073
"rs436",-0.107742065311198,0.0312808252312243,0.000572437215262008
"rs437",0.0712703325244282,0.0149052165541798,1.7393163610681e-06
"rs438",0.108477508986065,0.0370307999663055,0.00339632310626784
"rs439",-0.222498769648741,0.0122408027108759,7.87826267076344e-74
"rs440",0.123569346230014,0.0419203754328191,0.00320131392129684
"rs441",-0.124104449680849,0.0365041985828429,0.00067452216525782
"rs442",0.0454769268982633,0.0197696558665484,0.021428974573546
"rs443",0.0659902638142608,0.0164148974884301,5.81623960868603e-05
"rs444",-0.0199889828101433,0.0123199960123748,0.104699992424512
"rs445",-0.0645113956859792,0.010608447752893,1.19335269256084e-09
"rs446",0.016532102124205,0.043334190864116,0.702830416942272
"rs447",0.0438818700714454,0.020475088711828,0.0320983753513343
"rs448",0.0883302819948705,0.0122165930457413,4.81739660697501e-13
"rs449",-0.205233698390195,0.0239213373139501,9.52661688251256e-18
"rs450",-0.163637926805902,0.0332087363582104,8.32643231539219e-07
"rs451",0.143040234118818,0.0421687310282141,0.0006936103283119
"rs452",0.104662884711155,0.0236106290575117,9.29862891793285e-06
"rs453",0.0435288948907682,0.0153940132353455,0.00468909147282024
"rs454",0.071517840711106,0.0409445168077946,0.0806891648805796
"rs455",0.0917174917641003,0.0450895139947534,0.0419394765683991
"rs456",-0.266092279846568,0.0495187214016914,7.71931286484633e-08
"rs457",0.111027709663882,0.0361927434056997,0.00215728399564681
"rs458",-0.0484987596562325,0.0201610921323299,0.0161476061198993
"rs459",0.0230616830631202,0.035658222399652,0.517798699844296
"rs460",-0.0295157800883577,0.0280244952253997,0.292243097193352
"rs461",0.0871964954078744,0.0178784478828311,1.07610574821507e-06
"rs462",-0.0348472448955611,0.034247499415651,0.308909881224631
"rs463",0.0518503765888248,0.0489851899910718,0.289831708963661
"rs464",-0.0390684978638979,0.0179669752530754,0.0296704857936064
"rs465",-0.109278720910151,0.0273903589416295,6.61629665964878e-05
"rs466",0.121001051044026,0.0235815493855625,2.87939412220478e-07
"rs467",0.0740900011274274,0.0113603296969086,6.94603331703338e-11
"rs468",0.172426223915645,0.0139679425302893,5.22056516159459e-35
"rs469",0.00651539325793032,0.0267693133093417,0.807702997771263
"rs470",0.112500274582817,0.0118935335986316,3.11067137826492e-21
"rs471",0.197541905401908,0.0110611710790545,2.45827631725788e-71
"rs472",-0.0281482115038967,0.016940481858328,0.0965941066382838
"rs473",-0.132295111275522,0.0251234613731504,1.39580529469325e-07
"rs474",-0.0239351567138116,0.0335329113714397,0.47536257882612
"rs475",-0.0214041239985383,0.0234571868088096,0.361518107989613
"rs476",0.015168050450932,0.0297819314710796,0.610539304618953
"rs477",0.171230497731928,0.0400930669903755,1.94750644244769e-05
"rs478",-0.0326143892505348,0.0167624844796956,0.0516934884978988
"rs479",0.0373004655804915,0.0437452654633671,0.393839921649535
"rs480",-0.0227684064895531,0.0228121142555028,0.318238622760132
"rs481",0.00204507085250325,0.0193554886523634,0.915853351025527
"rs482",0.0314057663506262,0.0223997426312417,0.16089755441253
"rs483",0.132821469603699,0.041596398530528,0.00140754082822423
"rs484",0.0121318377490778,0.0201803099643439,0.547725417014473
"rs485",0.0712842320031113,0.0469129410292953,0.128636590943504
"rs486",0.0778860029783535,0.0159341398999095,1.01867895708559e-06
"rs487",0.0914773270855634,0.018659112257883,9.45980396512111e-07
"rs488",-0.0574394552184383,0.0350436724722385,0.101196168655978
"rs489",0.162688121419468,0.0202828069310635,1.04899222552776e-15
"rs490",-0.0380956739294013,0.0382869499083608,0.319734247484101
"rs491",-0.0105784167649752,0.0396962087322026,0.789866242037663
"rs492",0.140405026771417,0.0204942557401955,7.33635235604344e-12
"rs493",0.129408390614558,0.032904792316258,8.39575974240277e-05
"rs494",-0.108999187241124,0.0466259451117367,0.0194009064491537
"rs495",-0.0873071000417464,0.0383368020132184,0.0227641131845785
"rs496",-0.135807905937061,0.0437742028292269,0.00191916629026307
"rs497",0.0181847192619832,0.0467976965662092,0.697585752093473
"rs498",0.0164840867918466,0.0217853869777173,0.449254798483674
"rs499",0.0364114687355063,0.036026106569916,0.312161594237014
"rs500",0.0552157714218558,0.0156706476118416,0.000425862016481583
"rs501",-0.0601892845985016,0.0441412672773004,0.172705958766599
"rs502",-0.0993698591098715,0.0366402646433562,0.00668705460774791
"rs503",0.10267850560749,0.0393330671731383,0.0090413105319589
"rs504",0.0751061302606323,0.0225896139722317,0.000884794298570259
"rs505",-0.15091665373287,0.0367087176069617,3.93618561621169e-05
"rs506",-0.00951474508492868,0.0285554684605449,0.738981653025291
"rs507",-0.0895947822756499,0.0360113172512501,0.0128477526268077
"rs508",-0.207075107054196,0.0414310083258897,5.79067680031735e-07
"rs509",0.0150120131188143,0.0460681680310518,0.744526340737691
"rs510",-0.00792117092585882,0.0310963019262999,0.798931396937573
"rs511",-0.0097369267513081,0.0163243619352579,0.550863965560721
"rs512",0.0216152541801233,0.0207847501244396,0.298359704405355
"rs513",0.0882465164396587,0.0153816085774451,9.62859047857476e-09
"rs514",0.0205597504483387,0.0195023022126406,0.291781421266709
"rs515",-0.0616435842873528,0.0389222648832947,0.11324800551968
"rs516",-0.0734799251921281,0.0350850172899663,0.0362297794045249
"rs517",-0.0131802793041181,0.0280945797078311,0.63896986994798
"rs518",0.0310016986578952,0.0353722789417952,0.380790596741136
"rs519",-0.103968035270204,0.0311798751819879,0.000854653032640783
"rs520",-0.0184308868842384,0.0232042554300278,0.427027155067972
"rs521",0.0967267260167914,0.0408294944278896,0.0178343002827907
"rs522",-0.0108280091234486,0.0353995667491108,0.759696236976293
"rs523",-0.069842066759439,0.0409745473600924,0.0882833847732748
"rs524",-0.027594516842554,0.0171539665572345,0.107695591608317
"rs525",0.111464854536198,0.0258560909517109,1.62539329560334e-05
"rs526",0.0550043961214136,0.0485086346324533,0.256832559500571
"rs527",0.123667580008161,0.0250925447698683,8.2880689974546e-07
"rs528",0.0139097857161771,0.0131021979916841,0.28840024825906
"rs529",0.0410275096490425,0.0311734043620527,0.18813841222397
"rs530",-0.0558456912348133,0.0479889597464353,0.244537679007641
"rs531",0.0605370668930333,0.0442445221636444,0.171237375767625
"rs532",-0.0506333542189239,0.0319774457532912,0.113328423872144
"rs533",-0.142056550469574,0.0365981416683644,0.00010380407771457
"rs534",0.0127992965684126,0.0300179254636168,0.669824819618524
"rs535",0.194585121773144,0.0469628864340484,3.42222991409209e-05
"rs536",0.0800914339573062,0.0136771181412041,4.74517602255107e-09
"rs537",0.116525338994626,0.0298781342990696,9.6184507233127e-05
"rs538",0.0358855723093152,0.0412889637611806,0.384774767971568
"rs539",-0.0608557178316224,0.0447938749659807,0.174282157050284
"rs540",-0.0202240855110284,0.0460620931722224,0.66061707244799
"rs541",-0.0273248106811925,0.0424552995152771,0.519825990491547
"rs542",-0.0468699779782087,0.0161491850949824,0.00370419104345906
"rs543",0.0704167283929716,0.0391903491131961,0.0723693656581352
"rs544",-0.119736350236541,0.0403801173251122,0.00302456346514405
"rs545",0.0866366132112773,0.0364327794965357,0.0174075209868207
"rs546",0.0864152486225893,0.0463214034494013,0.0621032792223338
"rs547",-0.119862235906875,0.0255913546588272,2.81741847173297e-06
"rs548",0.0639491997900534,0.0482791337929666,0.185313072380367
"rs549",0.243022665234451,0.028263454772532,8.07809356271799e-18
"rs550",-0.0557215481941608,0.0178003437817097,0.00174590059246311
"rs551",0.0844904241408072,0.0336287693213671,0.011989788577014
"rs552",-0.0782201845619403,0.0162159477360547,1.40949080063027e-06
"rs553",0.11107114182028,0.030779843153432,0.000307892403709949
"rs554",0.0249824719926563,0.0265135876368731,0.34606381019965
"rs555",0.165191539162316,0.0430886780098081,0.000126200599177765
"rs556",-0.145897072853692,0.032523835208267,7.26235430747621e-06
"rs557",-0.00512978861253612,0.0282590192742646,0.855953563956475
"rs558",-0.0526925176125598,0.017693945011124,0.00290138693400645
"rs559",-0.0197264869076299,0.0288778733927757,0.494543401780633
"rs560",-0.0629578742686005,0.0193000097759068,0.00110604024425109
"rs561",-0.0833843580535001,0.0225631884299219,0.000219374280492881
"rs562",0.057872237461645,0.0446740818116814,0.19517122717934
"rs563",-0.108758071407693,0.0277994922827929,9.14468858576954e-05
"rs564",0.148403093155628,0.0273571367561817,5.80658175245043e-08
"rs565",-0.118620658531375,0.0289035232458264,4.06031059675706e-05
"rs566",0.010107915139528,0.0433360684942454,0.81557127467312
"rs567",0.0532989286826481,0.0104136443138123,3.08494557086577e-07
"rs568",0.0586735339092625,0.0223651789780706,0.00870487318733216
"rs569",-0.030174666386638,0.0134461188595742,0.0248248626280344
"rs570",0.0079501995328401,0.0429202837217599,0.853047262164416
"rs571",0.0961264151809677,0.0288442885503173,0.000860391964580313
"rs572",-0.145646591707643,0.0312934370245785,3.25206846946066e-06
"rs573",-0.0781739711532082,0.0258158171642572,0.00246062088917635
"rs574",0.032040231431661,0.0281774867791682,0.255502251342447
"rs575",-0.0444781978336992,0.0145960378833115,0.00230923362663356
"rs576",0.1370003993971,0.0112436337117106,3.74991660172689e-34
"rs577",0.0673253863354836,0.0109284351486713,7.24837074460434e-10
"rs578",0.00721667524147558,0.013100773813203,0.58173054042209
"rs579",-0.150775731753668,0.0244612438138574,7.09918080243381e-10
"rs580",0.00261002253262418,0.0404563490021974,0.948560534182722
"rs581",-0.0316415868196993,0.0397312656696886,0.425805328029648
"rs582",-0.0102346513520598,0.0139076881390065,0.461792272742179
"rs583",-0.118155922705569,0.048476216699928,0.0147933119050488
"rs584",0.0498658043829925,0.0157281771395355,0.00152189529619178
"rs585",-0.103895644030703,0.0293864696472883,0.000407015746861924
"rs586",-0.022622198144241,0.0325964396074414,0.487677032536343
"rs587",0.0381425829451352,0.0472922236192971,0.419937489948143
"rs588",-0.0783515789013048,0.0428009908273816,0.067159971608795
"rs589",0.0582991405680064,0.0313233215827495,0.0627151522490939
"rs590",-0.131651040165169,0.0253787592146546,2.1319333403092e-07
"rs591",-0.280977467896054,0.031839532488957,1.09656782670827e-18
"rs592",0.0464967990785853,0.0418691173940897,0.266771858608099
"rs593",0.0840539826961,0.0350937344878912,0.0166145684157229
"rs594",-0.0285845423591384,0.0141582800261676,0.0434947447475949
"rs595",0.0504126254591608,0.0176797003857791,0.0043521539659801
"rs596",-0.115591652508367,0.0436844173446298,0.00814350226933202
"rs597",-0.0127148606825662,0.0291750644985586,0.662972702071601
"rs598",-0.194151837604062,0.0410904235206544,2.30126752769561e-06
"rs599",0.118118089143852,0.0427271653991193,0.00570148498292207
"rs600",0.185991086154316,0.0218773575965315,1.87102538301081e-17
"rs601",0.107401226028199,0.0190683975722641,1.77698164531628e-08
"rs602",-0.00273469664137418,0.0348143157269806,0.937389824455989
"rs603",-0.00333303422759193,0.0249550229124725,0.893749205203602
"rs604",-0.15160676231511,0.0454388967249542,0.000848412119441739
"rs605",0.0790385343888228,0.0150212643109262,1.42670191426529e-07
"rs606",-0.0210734180691776,0.0163198636285961,0.19660863025916
"rs607",-0.0656742925361075,0.0355385010316968,0.064605832941289
"rs608",-0.141202579265831,0.0174452224746346,5.77109083001255e-16
"rs609",-0.0299762496646272,0.0365803471859545,0.412522169244043
"rs610",-0.0849061135016708,0.0304810341820121,0.00534387893591904
"rs611",-0.0397030520327837,0.039664793619886,0.316843950472615
"rs612",-0.12175999877636,0.0234605211857706,2.10299192024988e-07
"rs613",0.16875894829457,0.0144507379829884,1.64701682997193e-31
"rs614",-0.00160025272079689,0.0260915849730372,0.951094695614187
"rs615",0.107494507727239,0.031707949610427,0.000698559786623589
"rs616",-0.260169967025765,0.0396104514878243,5.09219351299888e-11
"rs617",-0.0453197829994837,0.0169028032384813,0.00733588268839041
"rs618",-0.0675482291592071,0.0334594170749188,0.0435068986581109
"rs619",-0.122292617936591,0.0299938616901636,4.55705368737653e-05
"rs620",0.15466091542241,0.047454342674464,0.00111745783626555
"rs621",-0.141528191976949,0.0464121244102716,0.00229314420295091
"rs622",0.0318390260408025,0.0161162643693388,0.0482019684300094
"rs623",0.0846436285579692,0.0222919002082199,0.000146423789839344
"rs624",0.0178190188418023,0.0379317667335272,0.638522876734017
"rs625",-0.0875255477495516,0.0405286096502095,0.0308037204123826
"rs626",0.0941165806724167,0.0303947861865163,0.00195838871514226
"rs627",0.0170588081840838,0.0190690868813545,0.371012083353966
"rs628",-0.106349790638204,0.016634456962347,1.62297525387436e-10
"rs629",-0.138804904760206,0.0226454860251397,8.81704009426286e-10
"rs630",0.208671743449315,0.0117976434528828,5.22741317352047e-70
"rs631",-0.0678503145418437,0.0367827365361154,0.065092269358498
"rs632",-0.185557165391804,0.0398510869313031,3.2199962253572e-06
"rs633",0.0533259362753652,0.0199413345009089,0.00749209877468072
"rs634",0.0310230256060895,0.0286781288869679,0.279356505002682
"rs635",-0.13538343357226,0.0117714930698276,1.30461098443253e-30
"rs636",-0.194295641358195,0.0139306360110641,3.26452628150136e-44
"rs637",-0.0116302517158606,0.0458837809693068,0.799903529499827
"rs638",0.113939629170942,0.0346059393230826,0.000993052455559271
"rs639",0.0636124035182149,0.0356284000072628,0.0741898252227639
"rs640",-0.0492937424161977,0.0284400848392397,0.0830514598630268
"rs641",-0.0834188231584378,0.0211892581172287,8.25599227241423e-05
"rs642",0.0271066756750545,0.0477980098407716,0.570640212293981
"rs643",0.0157353347216158,0.0109228689782321,0.149701610856187
"rs644",0.0629711746692728,0.0170925090461969,0.000229477235062733
"rs645",-0.0395797950288896,0.0488571250904351,0.417875199815537
"rs646",0.08993540532031,0.0419895102549344,0.0322052232141089
"rs647",-0.0830811527336248,0.0499860405642539,0.0964953135910618
"rs648",-0.0330544700119963,0.0204297381080687,0.10567152483768
"rs649",0.0740814523725905,0.0332873063348234,0.0260465789032609
"rs650",0.0989971608627113,0.0128917666431516,1.60210563603032e-14
"rs651",-0.193850470145338,0.0420913480129093,4.11533922680713e-06
"rs652",0.0107190407016153,0.0452226146031171,0.812634814244146
"rs653",0.060877901173463,0.0455851815640926,0.181720711071379
"rs654",-0.145082431349063,0.0104530802741647,8.44536290489587e-44
"rs655",0.0480625599875217,0.0196560226473957,0.0144778913735969
"rs656",-0.0828174270396797,0.0342907559033483,0.0157285948815237
"rs657",0.102025301216443,0.0245088225975633,3.14370137878603e-05
"rs658",0.0538482032102641,0.0383683463744819,0.160481546395945
"rs659",0.076905229499561,0.0116829184256494,4.61958809498891e-11
"rs660",0.0120719329287034,0.036286841230467,0.739375294957233
"rs661",0.0863648434157753,0.0192275776807219,7.0651162970277e-06
"rs662",0.138051452831454,0.0209190949052572,4.13094325542981e-11
"rs663",0.196624801545563,0.0393265511095524,5.73904841657087e-07
"rs664",-0.0028395054749065,0.0171302480343729,0.868346029888215
"rs665",-0.22490510903324,0.0254253707453609,9.0959295243685e-19
"rs666",0.00315260045939917,0.037374182427302,0.932776284109517
"rs667",0.0205561208449975,0.0266076419036835,0.439780132314803
"rs668",-0.0155345347144399,0.0316864735540003,0.623951620906557
"rs669",0.0568288620777075,0.0282075952086598,0.0439397347732833
"rs670",0.101067796451426,0.0150825775321573,2.07050236130772e-11
"rs671",-0.0517982430167822,0.0112473698426038,4.11743097571514e-06
"rs672",-0.029409532715611,0.0166261281538755,0.0769148346784604
"rs673",0.0397842208800339,0.0419552284665406,0.343000069582518
"rs674",-0.0550223741489138,0.0156955214962363,0.000455562533943591
"rs675",0.00912673834882355,0.0129776336718351,0.481889523303661
"rs676",-0.19617075988853,0.0111429603025317,2.25885461459047e-69
"rs677",-0.111989972139762,0.0266956761293113,2.72798957704467e-05
"rs678",-0.132775547560413,0.044161121500656,0.00264172982728727
"rs679",-0.0853623696727242,0.0232195576187223,0.00023662884150732
"rs680",-0.0693304527930666,0.0277774606272578,0.0125629232196467
"rs681",0.038230514254637,0.0265393294394016,0.149719489865569
"rs682",0.0982113002522641,0.024070031363517,4.49908704275694e-05
"rs683",-0.0727383529087536,0.0471140111796558,0.12261754322773
"rs684",-0.0996838982378005,0.0472021822538227,0.0346993723017702
"rs685",-0.104168885898951,0.0212105263955891,9.05261711380148e-07
"rs686",-0.0414588726363674,0.0391723979823291,0.289887002920144
"rs687",-0.0239029068152564,0.018671395983547,0.200478841926984
"rs688",0.0483617533838269,0.047609911095351,0.309728580748457
"rs689",-0.032132484216839,0.0125719589274377,0.0105918045361459
"rs690",-0.207848926886002,0.0495467565581203,2.72864708730727e-05
"rs691",-0.00914342755501383,0.0184083392098546,0.619400412881129
"rs692",0.118718681065156,0.0227412973251194,1.7853656083558e-07
"rs693",0.119160126851033,0.0148707954585552,1.11916526552342e-15
"rs694",-0.078896321811123,0.0333685698453337,0.0180597765469648
"rs695",-0.154777654363757,0.0363337364606559,2.045292034305e-05
"rs696",0.245806049186527,0.0498466011043638,8.17051076230673e-07
"rs697",-0.0162421942479419,0.0177627026755363,0.360507325152169
"rs698",-0.00974512501056172,0.0426598687656224,0.81930593444368
"rs699",0.0420574188698147,0.0347780823986977,0.226544476677284
"rs700",-0.161403945661912,0.0494242843426764,0.00109201196553296
"rs701",-0.0728219111191288,0.0276716786064208,0.00849737153312109
"rs702",-0.154044240529001,0.0389674089103937,7.71271649569701e-05
"rs703",-0.0693094614010595,0.013033944927156,1.05137992482396e-07
"rs704",0.0118849433004561,0.0352137100789696,0.735733245321239
"rs705",-0.136470945798691,0.0185834580566734,2.07801571375462e-13
"rs706",0.0589982679367313,0.0467651020735502,0.207097258528683
"rs707",0.0289344028817336,0.0424780801311135,0.495769751411404
"rs708",-0.0904215025620639,0.0442446370795369,0.0409860133728195
"rs709",0.0226324942381064,0.0426702898368239,0.595831823576691
"rs710",0.0748081162493844,0.0266840676125139,0.00505551526947632
"rs711",0.106109525326174,0.0491019641514868,0.0306950549919136
"rs712",-0.0212848278646528,0.0299745463952422,0.477644143920063
"rs713",-0.00936367939110456,0.0299428665824234,0.754494765712913
"rs714",-0.00867141349819251,0.0237388900853693,0.714900150923493
"rs715",0.144146175605504,0.0126939757633954,6.96570505943601e-30
"rs716",0.112507189227799,0.0462946135550737,0.0150886769104903
"rs717",0.0834401567757039,0.0188447894249111,9.52178879575649e-06
"rs718",-0.0287340799840693,0.0219065557233989,0.189632920214198
"rs719",0.0373241434166406,0.0363416985049844,0.304404669137563
"rs720",0.0403290331220696,0.0326647963840514,0.21696714930005
"rs721",-0.104167329428932,0.0488516956008971,0.0329807476511791
"rs722",-0.172830451532074,0.0141972893290222,4.30323655698648e-34
"rs723",0.0641830027651616,0.0317519570328295,0.0432396881187214
"rs724",-0.152931053118042,0.0466148853953928,0.00103537231862282
"rs725",0.000168368848420991,0.0449174961447716,0.997009214635331
"rs726",0.0250247821348331,0.0461815563682467,0.587902363316156
"rs727",0.0563867390305883,0.0411512225400656,0.170614362749879
"rs728",0.0189426237514811,0.0166868428047746,0.256298563578072
"rs729",-0.0732853806297125,0.0148553963657469,8.08726321344683e-07
"rs730",0.0986365859895462,0.0147317652218044,2.14930263855487e-11
"rs731",0.173863376690625,0.0272827036492527,1.85778218053418e-10
"rs732",0.0881178808925443,0.0410954786743969,0.0320150029202129
"rs733",-0.194365090132398,0.0461639238055795,2.55004377482664e-05
"rs734",0.139957618540294,0.0270586512051523,2.31131289801287e-07
"rs735",-0.0056055946186268,0.0423804442491382,0.894771980982661
"rs736",0.052491427931929,0.02873500415124,0.0677386278344619
"rs737",0.062203323587106,0.0371441238932312,0.0940033642277225
"rs738",-0.00966860732067051,0.040349035365507,0.810621563945551
"rs739",-0.00752631976487263,0.0373343846108764,0.840235563736187
"rs740",0.10191570693309,0.0439031845331192,0.0202666726333047
"rs741",0.0711601922486244,0.022462796382606,0.00153537281392801
"rs742",0.0990262246044231,0.0173106721043587,1.06192076266236e-08
"rs743",0.238292669523033,0.0137408068031073,2.26824815846628e-67
"rs744",0.0664415863694087,0.010591783747077,3.54301538409265e-10
"rs745",0.0207381157385307,0.0460965321119875,0.652793717622971
"rs746",-0.221063311057562,0.0418421167228371,1.26896313888747e-07
"rs747",0.269171400324612,0.0131108759436756,1.15245504774497e-93
"rs748",-0.0482676821796308,0.0140697236172855,0.000602234008462608
"rs749",0.237473471509539,0.0169556836597621,1.44183732948246e-44
"rs750",0.0374643568004988,0.0311471208184958,0.229046270138561
"rs751",0.153843019889679,0.0394125605840236,9.4850442682843e-05
"rs752",-0.0109710321176239,0.0147287466004491,0.456349054992571
"rs753",0.0511470754698125,0.0141375756822526,0.000297105330909446
"rs754",0.0213957979642262,0.0320905385632068,0.504943155484712
"rs755",-0.0186120699373496,0.0216207427158952,0.389324393364421
"rs756",-0.0120393824622494,0.0276176209840924,0.662886652566995
"rs757",0.101283433584425,0.0147377721779048,6.31436100431641e-12
"rs758",-0.02014581469715,0.0468647443316877,0.6672891685525
"rs759",-0.20376824944408,0.0393035799171776,2.16629464106674e-07
"rs760",-0.0195889248829828,0.0284612185228616,0.491284495205864
"rs761",0.0539790605536274,0.0368925770744681,0.143428664255006
"rs762",0.061645571635144,0.0215397764462978,0.00421055138496887
"rs763",0.0616567817477434,0.0365378164499998,0.0915113698557821
"rs764",-0.169210152086908,0.0250027457252145,1.30879348239416e-11
"rs765",0.0368742058011194,0.0368369416706264,0.316821201880998
"rs766",0.0967859209947064,0.0265089825168252,0.000261158860352696
"rs767",0.127657868146766,0.0384528093691915,0.000900632349314596
"rs768",-0.0224961271044116,0.0212430382892489,0.289605148926278
"rs769",-0.0321892586182801,0.0395481791161001,0.415687817423915
"rs770",0.148783783187804,0.0329968581534922,6.51250735906142e-06
"rs771",-0.166792804577932,0.0109798394236714,4.06776044893669e-52
"rs772",-0.0436829976913125,0.0245077890250832,0.0746819341464435
"rs773",0.0457462079357455,0.0276339708920568,0.0978365455678776
"rs774",-0.161777376538123,0.0261360781081021,6.02365013731115e-10
"rs775",0.0279627862431757,0.0317908867169172,0.379084182185044
"rs776",0.187786402105219,0.0445278602372855,2.47268153751756e-05
"rs777",-0.000406065343634058,0.0406269862502813,0.992025303772346
"rs778",-0.0278454024963586,0.0126168763265014,0.0273143005263827
"rs779",0.0474911714034054,0.0147007190342993,0.00123559244854102
"rs780",-0.0279072170787307,0.0223915282916278,0.212643536813955
"rs781",0.0813400374079065,0.0223471322841942,0.00027280506449977
"rs782",0.0904435464449695,0.0392934717889875,0.0213495651539584
"rs783",0.000269166123012091,0.0156596543546766,0.986286228653684
"rs784",-0.117669215774973,0.0491029295045882,0.0165579716998057
"rs785",-0.131822072745909,0.0441919606365263,0.00285491725354648
"rs786",-0.0592997365655317,0.0333569492865354,0.0754477809211447
"rs787",0.0797380500549836,0.0459825701545924,0.082901594814212
"rs788",-0.195820517465693,0.0103737817239016,1.78053913777523e-79
"rs789",-0.188632515873255,0.0413822834473103,5.15713973433026e-06
"rs790",-0.0653779824760103,0.0463120591081679,0.158043092519721
"rs791",0.0394394847980585,0.0144311023969203,0.00627698141176153
"rs792",-0.0913566048164992,0.0286328401323408,0.00141966284557204
"rs793",0.0886749037096059,0.0369739304296672,0.0164709718013754
"rs794",0.0333369970155182,0.0286180984321982,0.244062668360583
"rs795",-0.017063961823861,0.0450008216686547,0.704545122653095
"rs796",0.081882813653178,0.0260434214491397,0.0016660522544
"rs797",0.0388365162819368,0.0326674058288336,0.234500254376588
"rs798",-0.0445935027212156,0.0361482298467308,0.217341201377857
"rs799",0.023111493441816,0.0214263891801238,0.280745473941025
"rs800",0.0647513357977592,0.0456777940317988,0.156317205383532
"rs801",0.0356283344862047,0.0155485337786376,0.0219387132098342
"rs802",-0.0658010207949479,0.032287765648216,0.0415544106229294
"rs803",0.0855202205064192,0.0201171370502561,2.12710917235587e-05
"rs804",0.115293622555862,0.0129442468285561,5.24606973707992e-19
"rs805",0.0276274556543337,0.0405059450119734,0.495201468018863
"rs806",0.0144104662462187,0.0342547510378063,0.673984981409161
"rs807",-0.0075625080779838,0.0233197546098381,0.745713787464119
"rs808",0.216141584630279,0.0463865447510034,3.1686291793178e-06
"rs809",0.0276315532135793,0.0336010878719389,0.410882831109699
"rs810",-0.0158294028699944,0.0478570291772485,0.740822432374159
"rs811",-0.250791780219725,0.0460932215489447,5.29915961006214e-08
"rs812",-0.156528176503053,0.0254787215497345,8.07296437251244e-10
"rs813",-0.00776732006105648,0.0387392397969961,0.841087489254941
"rs814",0.0206294044843098,0.0430938821937889,0.632146071167535
"rs815",0.0276872458861614,0.0465528817847371,0.552011751062018
"rs816",0.0821506780448618,0.0152247519511729,6.81949103698051e-08
"rs817",-0.0194152409320457,0.0117766830697656,0.099226105997086
"rs818",0.121458879448256,0.0495293547119945,0.0141961853161163
"rs819",-0.0921516042869578,0.0255791741516441,0.000315046750357978
"rs820",-0.120844272044307,0.0384421365242451,0.00166919408273978
"rs821",-0.122898617755381,0.0310376030765474,7.50538882017873e-05
"rs822",0.0742297024186518,0.0254760510101914,0.00357167010835378
"rs823",-0.0082919942339226,0.0387426732294261,0.830525677764666
"rs824",0.0789817921820499,0.0452072286978364,0.0806190614667324
"rs825",-0.0267706421557085,0.0148464078549296,0.0713610455378393
"rs826",-0.0591892102212813,0.0246820894721895,0.016482021614549
"rs827",-0.0368352575126506,0.0415972745418549,0.375875732703069
"rs828",-0.185261682424173,0.0186240092758089,2.58688522506284e-23
"rs829",-0.116961526041411,0.0348290704376996,0.000784637127250897
"rs830",-0.144203464635845,0.025108894277364,9.29462391008769e-09
"rs831",0.105432227197535,0.0341614119987935,0.00202667000404638
"rs832",-0.05973300913628,0.0325807307288051,0.0667453999817071
"rs833",0.078945985279018,0.0377777320053428,0.0366403347561233
"rs834",0.151649060169196,0.042565747462213,0.000367057711802428
"rs835",-0.0191774809109942,0.0281473693810403,0.495666441636773
"rs836",0.0283878906352351,0.0247985878027976,0.252317624453634
"rs837",-0.175106751939608,0.0429063615296036,4.48158725447755e-05
"rs838",-0.0818669777519803,0.0305049708578736,0.00728067888171681
"rs839",0.00562148493828386,0.0396632730122656,0.887293093259852
"rs840",0.0299086903336152,0.0439735391270369,0.496408225247064
"rs841",-0.0759398117298882,0.0276119886152446,0.00595502071765858
"rs842",0.26848589992268,0.0262363322637975,1.40552647151966e-24
"rs843",-0.0458390139092389,0.0440367044322193,0.297909226459242
"rs844",0.00642435566300379,0.039080984480679,0.869427506640654
"rs845",0.0649791867153518,0.0346028100606054,0.0604005022799953
"rs846",-0.00260186347739953,0.0380000425316393,0.945411488705721
"rs847",-0.0643567387027114,0.0399269185587764,0.106991668135272
"rs848",0.104530566396331,0.0204739057086408,3.2983230100185e-07
"rs849",0.16155453232072,0.0210478660650551,1.6467474402656e-14
"rs850",-0.00296939710498354,0.0179785508662462,0.8688154370799
"rs851",0.0562267345403066,0.0477198398765177,0.238689995890991
"rs852",-0.00974124985026302,0.0208458272460848,0.640285435649257
"rs853",0.101645521770216,0.0299363459646702,0.000685313065113127
"rs854",-0.115616739425985,0.011467515276745,6.62877658533816e-24
"rs855",0.232086022399448,0.0420694893132895,3.45365005217959e-08
"rs856",-0.0603531247788338,0.0262089826352894,0.0212920754722386
"rs857",-0.145884941443809,0.0284050362091511,2.80822395156612e-07
"rs858",-0.035091782719307,0.0472460860200226,0.457636226424858
"rs859",0.0146708484145002,0.0255952290259302,0.566518194651431
"rs860",0.162362120768023,0.0398326547630131,4.57961602701163e-05
"rs861",0.091120967677132,0.0413443398661912,0.0275276737911045
"rs862",0.0142458432045787,0.0182982501294464,0.436253197116502
"rs863",-0.138948352398816,0.0122610691841692,9.05998519987457e-30
"rs864",-0.0866037744672114,0.0232605533488095,0.000196710814692173
"rs865",-0.0163284932229294,0.0373522074241191,0.662003038980437
"rs866",0.255302611346059,0.0407109707314521,3.58503845672941e-10
"rs867",-0.186022757421841,0.0361219756584615,2.60694824177357e-07
"rs868",0.113105465184602,0.047352159768343,0.0169126112676981
"rs869",-0.0527234257233921,0.0101406380627304,2.00124688815197e-07
"rs870",0.166599089998742,0.0251355637051165,3.40212870609392e-11
"rs871",-0.11392006399734,0.0357481620460749,0.0014388652814294
"rs872",0.0143623234662747,0.0139629044476897,0.303664986165463
"rs873",-0.109955094170275,0.0106025384739041,3.3726348698234e-25
"rs874",0.0903516426361675,0.0159426028188318,1.45058342287838e-08
"rs875",0.148377948873809,0.0398124125320464,0.000193828689628705
"rs876",0.195072100640115,0.044109870037064,9.76042672088782e-06
"rs877",0.0797600657589519,0.0229978182911873,0.000524039227889526
"rs878",0.184326625457782,0.0206667803507298,4.70597231892671e-19
"rs879",0.124642390866165,0.0197418976854533,2.7262287858889e-10
"rs880",-0.0131874911824015,0.0482500116620213,0.784610460634983
"rs881",0.04770372382847,0.0298907495755702,0.11050307914135
"rs882",-0.0971994211475933,0.0377780630160123,0.0100848469545979
"rs883",-0.0185202169400994,0.0466052765585482,0.691083905501723
"rs884",0.122096370834882,0.0343568714801222,0.000379753197617956
"rs885",0.054128414348235,0.0205043543130159,0.00829427933379702
"rs886",0.045735733162533,0.0467572295106947,0.32799856447551
"rs887",-0.103813103968721,0.0384645231440663,0.00695625428074064
"rs888",-0.0604513230334117,0.0117531437519938,2.69785428186988e-07
"rs889",-0.0764606013753569,0.0353403050731868,0.0304987191066698
"rs890",0.0395295870013499,0.0441092955134809,0.370160042938906
"rs891",-0.0990507630466559,0.0147638343740255,1.95944640739228e-11
"rs892",0.0562041390099052,0.0480815161298961,0.242430055777445
"rs893",-0.111641641193354,0.0116335943900049,8.27153801020205e-22
"rs894",0.182853045813536,0.0168239992670715,1.62706773847828e-27
"rs895",0.0460591349478104,0.0109261363837868,2.4922468231643e-05
"rs896",-0.070100361225327,0.0255963962618262,0.00616862158564825
"rs897",0.0241045932501223,0.0383710856363177,0.529875025636228
"rs898",-0.0352453199227956,0.0362302218284458,0.330645027453679
"rs899",0.0371147959759657,0.0294457086734474,0.207507656075127
"rs900",0.02435327187603,0.0132289265096188,0.0656346515021334
"rs901",-0.101411417266147,0.0487153760250658,0.0373687193176641
"rs902",-0.079131387881947,0.0324109146092087,0.0146262135281697
"rs903",0.0299593684739564,0.038676246451214,0.438564626192172
"rs904",0.163905190875156,0.0213369902409613,1.56943297508933e-14
"rs905",0.108461700867092,0.0420901161432266,0.0099692975417582
"rs906",-0.0624567473618094,0.0351687743328512,0.0757469587139969
"rs907",0.0825922901647494,0.0463584364764392,0.074814133348509
"rs908",-0.00485683527562885,0.0258450075611472,0.850938106920474
"rs909",0.0301313651718405,0.0223313765600324,0.177245819155464
"rs910",0.0260361490736558,0.0392677665222436,0.507304134447275
"rs911",0.257544976372339,0.0378003427386284,9.53866700909847e-12
"rs912",-0.118528881058722,0.0274120066221803,1.53241409100486e-05
"rs913",0.0100919859012857,0.0423007956147194,0.811433803435597
"rs914",-0.177997728796762,0.0222245217952877,1.1558004142857e-15
"rs915",0.0589835922958758,0.0465822125319392,0.205432307168471
"rs916",0.10966084717214,0.0351931755803525,0.00183341491168816
"rs917",0.144566224110115,0.0410865703225136,0.000433869369445105
"rs918",-0.192514525183712,0.0386857556924224,6.47886941377871e-07
"rs919",0.041276949719403,0.0365270475763828,0.258460236596839
"rs920",0.159336995138365,0.0381236800272018,2.92181907465149e-05
"rs921",-0.0414015863042303,0.0177054339181632,0.0193688506821473
"rs922",-0.0212150532081949,0.0339231285825372,0.531717680374676
"rs923",-0.00365372222047413,0.0406868208758533,0.928445255489172
"rs924",0.0365018751433036,0.0194550372753292,0.0606254641601123
"rs925",0.0665159875745969,0.0376622425019741,0.0773759510327251
"rs926",0.131782088371148,0.0136895631067455,6.18201555262092e-22
"rs927",-0.00954875904449924,0.0394816496130079,0.808893998171773
"rs928",0.0196278045472469,0.0477872428577393,0.681268220170412
"rs929",0.248799787722146,0.0365635060705245,1.01335111852208e-11
"rs930",0.0431098928114991,0.0366966229863465,0.240088915280567
"rs931",0.0188753109329833,0.0268008669745177,0.481258503942421
"rs932",-0.134224312528345,0.0155186768993735,5.18566575451763e-18
"rs933",0.000285604762222659,0.0287746045459062,0.99208065958707
"rs934",-0.0221326153166881,0.0137501697055995,0.107479772436848
"rs935",-0.00110458298093738,0.0401629340462387,0.978058908411352
"rs936",-0.0575417641271167,0.024653116222471,0.0195927679743113
"rs937",-0.0686815652442701,0.0327254552673548,0.0358415965903356
"rs938",-0.0720773631820122,0.0253208525665104,0.00441941966102847
"rs939",-0.0214504515399774,0.0181295480020344,0.236739283351478
"rs940",0.136813264802863,0.0314106154348701,1.32679998389274e-05
"rs941",0.104908662655933,0.0254338899627328,3.71123400432884e-05
"rs942",-0.0359975117943057,0.0444914143718779,0.418463983060548
"rs943",-0.168591645453874,0.0137425417918712,1.3476023307175e-34
"rs944",-0.0844583428535954,0.0125379415135831,1.62559163436906e-11
"rs945",-0.0457760533240508,0.0166705614887178,0.00603411986003902
"rs946",0.0103638004228304,0.0474262092541903,0.827020278151762
"rs947",-0.0662607275700815,0.0277003590110689,0.0167544216220761
"rs948",0.200668069083189,0.0369758513104171,5.73080518165612e-08
"rs949",-0.0272267534418351,0.0114431199617684,0.017344984835451
"rs950",-0.121394447023951,0.0287368435226381,2.39632796451482e-05
"rs951",-0.0141261757282513,0.0118261428084224,0.232287460683011
"rs952",-0.100537758159341,0.0348013477493078,0.00386586884355687
"rs953",0.0156155707275326,0.0445956795290113,0.726219506142308
"rs954",0.0233633614089869,0.0178347664233297,0.190199299313853
"rs955",0.0355587611628384,0.0212839381303638,0.0947838669007772
"rs956",-0.162185825912421,0.0446074835490435,0.000277072591008291
"rs957",0.0220711290970649,0.011281401887536,0.0504160233995193
"rs958",0.0310450080541646,0.0412942150142044,0.452171091400514
"rs959",-0.142110844750449,0.0282027797587216,4.68227356605985e-07
"rs960",0.0955365639730411,0.0132048755418509,4.65713757725317e-13
"rs961",0.0784170879094338,0.0462704348005354,0.0901217547927292
"rs962",0.229961936115445,0.0175602661818266,3.48980952322228e-39
"rs963",0.0156702987375728,0.0398438347317278,0.694103135111019
"rs964",0.00467335275180007,0.0272625631932169,0.863893409564
"rs965",0.00965858340824364,0.0368212878890336,0.793082633426939
"rs966",0.00697662309003006,0.0174980485066772,0.690107902244479
"rs967",-0.184847277533767,0.045269726915285,4.44116161240209e-05
"rs968",-0.167112705864224,0.0119546979386359,2.09906615394688e-44
"rs969",-0.00775389667912034,0.018808195469901,0.680147694131477
"rs970",-0.0581067380566498,0.0204720186442137,0.00453475392511817
"rs971",0.00547365250574253,0.0406883961614221,0.892986549465892
"rs972",-0.211120837326053,0.025438500167802,1.04758045719259e-16
"rs973",-0.149869825452676,0.0211429243627936,1.35656507773799e-12
"rs974",-0.110148343893874,0.0131046204827726,4.26747790412374e-17
"rs975",0.0986058221060247,0.0300121945142746,0.00101792427771116
"rs976",-0.109849000709012,0.0280580579768866,9.03814586264372e-05
"rs977",-0.0799513953576531,0.0494640645291656,0.106017986554565
"rs978",0.00798738186740527,0.0156853736191988,0.61059463379167
"rs979",-0.0322746361825109,0.0433534300606698,0.456601835877914
"rs980",0.0146417178667962,0.0111811796016991,0.190366152545412
"rs981",0.230506198204569,0.04115034814924,2.12429620352424e-08
"rs982",-0.112460367125824,0.0191469576116651,4.26593338323652e-09
"rs983",-0.0305469639909805,0.0153544047381729,0.046650524932372
"rs984",-0.0516759449743733,0.0176244369521737,0.00336719325898647
"rs985",0.151239542683245,0.0186345855891705,4.81535434951114e-16
"rs986",-0.0769484922890278,0.0473668556846678,0.104264479777467
"rs987",-0.00820869037757183,0.049552706182003,0.868427876425725
"rs988",0.0787133614322708,0.0224009971413761,0.000441690520566368
"rs989",-0.10585905359484,0.0154852351732552,8.13621123205237e-12
"rs990",0.165517581574201,0.0364394322689623,5.56528479990134e-06
"rs991",0.0675762415474246,0.0333965350687504,0.043026703730369
"rs992",-0.107420660953035,0.0237626133020967,6.16720705291388e-06
"rs993",0.0454577809057738,0.0425582615379244,0.285461610002191
"rs994",-0.0213307143233068,0.0213273583818227,0.317234363814593
"rs995",0.0313228771994335,0.0438336424250156,0.474865321202633
"rs996",-0.00899751970156634,0.0154808754194528,0.561104148121379
"rs997",0.107051603677834,0.0444779102504253,0.0160908314207009
"rs998",-0.135110038570333,0.0126848247554153,1.71922852188464e-26
"rs999",-0.0522616697195916,0.0274083374161273,0.0565490818094427
"rs1000",-0.0249190677755399,0.0372053983807564,0.503004281729176
